movie_id,title,description,filename
1,ワイルド・スピード　ジェットブレイク,ドム（ヴィン・ディーゼル）は、レティ（ミシェル・ロドリゲス）と幼い息子のブライアンの3人で静かに暮らしていたが、この平穏がいつまでも続くとは思っていなかった。そして、ドムは最も愛する者たちを守るため、否応なく自身の過去の罪と向き合うこととなる。ドムたちは世界を震撼させる陰謀を止めるため、凄腕の殺し屋で一流ドライバーである男と戦うことになる。－なんとそれは、実の弟のジェイコブ（ジョン・シナ）だった。,1.jpg
2,竜とそばかすの姫,高知の自然豊かな村に住む17歳の女子高生・すずは幼い頃に母を事故で亡くし、心に大きな傷を抱えていた。ある日、インターネット上の仮想世界＜Ｕ（ユー）＞に参加し、Ａｓ（アズ）と呼ばれる自分の分身を作ることに。歌えないはずのすずだったが、「ベル」と名付けたＡｓとしては自然と歌うことが出来た。ベルの歌は瞬く間に話題となり、世界中の人気者になっていく。そんなベルの前に現れたのは、「竜」と呼ばれる謎の存在。やがて世界中で巻き起こる、竜の正体探し（アンベイル）。ベルは竜を探し出しその心を救いたいと願うが――。,2.jpg
3,東京リベンジャーズ,人生唯一の彼女だったヒナタが、事故に巻き込まれ命を落とした―不良だった高校までの絶頂期から一変、今はどん底生活を送るタケミチが高校時代へタイムリープし警察も手に負えない最凶の組織“東京卍會”へ潜入。出会った熱い仲間たちと共に、彼らの暴走を止められるのか！？ヒナタを救い逃げ続けた人生を変えるタケミチのリベンジが今、始まる！,3.jpg
4,ゴジラＶＳコング,モンスターの戦いによって壊滅的な被害を受けた地球。人類が各地の再建を計る中、特務機関モナークは未知の土地で危険な任務に挑み、巨大怪獣（タイタン）の故郷＜ルーツ＞の手がかりを掴もうとする。そんな中、ゴジラが深海の暗闇からその姿を現し、世界を再び危機へと陥れていく。その怒りの原因は何なのか。人類は対抗措置として、コングを髑髏島＜スカルアイランド＞から連れ出す。人類の生き残りをかけた争いは、ゴジラ対コングという最強対決を引き起こし、人々は史上最大の激突を目にすることとなる。,4.jpg
5,フリー・ガイ,ルール無用・何でもありのオンライン・ゲーム＜フリー・シティ＞のモブ（背景）キャラとして、平凡で退屈な毎日を繰り返すガイ。ある日、彼は新しい自分に生まれ変わるため、ゲーム内のプログラムや設定を完全に無視して自分勝手に立ち上がる―。ありえないほど“いい人”すぎるヒーローとして。ゲーム史上最大の危機が迫る中、はたしてガイに世界は救えるのか…！？,5.jpg
6,かぐや様は告らせたい　～天才たちの恋愛頭脳戦～　ファイナル,日本を代表する良家の子女と子息が通う、私立・秀知院学園。その最高ランクに位置する生徒会において、学園史上最も白熱する戦いとなった『第68期生徒会長選挙』。白銀御行（平野紫耀）と四宮かぐや（橋本環奈）の選挙戦は終結し、白銀の会長再選は決まったものの、二人の恋愛頭脳戦には決着がつかないままになっていた――。会計・石上優、書記・藤原千花に、新メンバー・会計監査の伊井野ミコを加え、再び集結した生徒会。変わらず好き合っているものの、未だ「告白したほうが負けである――！」という呪縛から逃れられず、神聖なる生徒会室で“いかにして相手に告白させるか”の恋愛バトルを繰り広げていた・・・。,6.jpg
7,ＢａｎＧ　Ｄｒｅａｍ！　ＦＩＬＭ　ＬＩＶＥ,バンドリ！劇場ライブアニメーション「BanG Dream! FILM LIVE 2nd Stage」開催決定！「PoppinParty」「Afterglow」「Pastel＊Palettes」「Roselia」「ハロー、ハッピーワールド！」のおなじみのバンドメンバーに加えて幻想的な世界を奏でる「Morfonica」最強を掲げるロックバンド「RAISE A SUILEN」も出演決定！7つのバンドが目指す、「2nd Stage」は……？,7.jpg
8,キネマの神様,ギャンブル漬けで借金まみれのゴウは妻の淑子と娘の歩にも見放されたダメ親父。そんな彼にも、たった一つだけ愛してやまないものがあった。それは「映画」ー。行きつけの名画座の館主・テラシンとゴウは、かつて撮影所で働く仲間だった。若き日のゴウは助監督として、映写技師のテラシンをはじめ、時代を代表する名監督やスター女優の園子、また撮影所近くの食堂の娘・淑子に囲まれながら夢を追い求め、青春を駆け抜けていた。しかしゴウは初監督作品「キネマの神様」の撮影初日に転落事故で大怪我をし、その作品は幻となってしまう。,8.jpg
9,僕のヒーローアカデミア ＴＨＥ ＭＯＶＩＥ,世代を経るごとに深く混ざりあった“個性”が人類史を終焉に導くとする思想≪個性終末論≫を掲げ、“個性”を「病」と称しながら、世界中の“個性”保持者の殲滅を目論む謎の集団・ヒューマライズ。彼らが世界各国に仕掛けた、“個性”を強制的に暴走させ崩壊に導く爆弾＜個性因子誘発爆弾[イディオトリガーボム]＞から人々を救うため、全世界のプロヒーローと、その下でインターン中だった雄英高校ヒーロー科が招集され、世界選抜ヒーローチームが結成。各地で爆弾の回収任務にあたっていた。,9.jpg
10,映画　太陽の子,1945年の夏。軍の密命を受けた京都帝国大学・物理学研究室の若き科学者・石村修（柳楽優弥）と研究員たちは、原子核爆弾の研究開発を進めていた。研究に没頭する日々の中、建物疎開で家を失った幼馴染の朝倉世津（有村架純）が修の家に居候することに。時を同じくして、修の弟・裕之（三浦春馬）が戦地から一時帰郷し、久しぶりの再会を喜ぶ3人。ひとときの幸せな時間の中で、戦地で裕之が負った深い心の傷を垣間見る修と世津だが、一方で物理学に魅了されていた修も、その裏にある破壊の恐ろしさに葛藤を抱えていた。そんな二人を力強く包み込む世津はただ一人、戦争が終わった後の世界を見据えていた。,10.jpg
11,元カレとツイラクだけは絶対に避けたい件,友人の結婚式のため小型機でインド洋に浮かぶ南の孤島へ向かうことになったサラ。タイミング悪く、偶然乗り合わせたのはかつての恋人で今は気まずい関係のジャクソン。内心穏やかでないものの、目の前に広がる真っ青で美しい海と一面快晴の空に弾む心は抑えられず、空の旅は始まった。しかし、離陸直後上空6000ｍでパイロットが心臓発作により急死してしまう。自動操縦は機能せず、GPSは故障。通信機能も途絶え、前方には追い打ちをかけるように巨大乱気流まで迫る。絶体絶命の窮地に立たされた2人が生き残るためにとったまさかの行動とは――。,11.jpg
12,老後の資金がありません！,後藤篤子（天海祐希）は、家計に無頓着な旦那・章とフリーター娘のまゆみ、大学生の勇人を息子に持つ、節約がモットーの　ごく普通な主婦。夫の給料と自身がパートで稼いだお金をやり繰りし、憧れのブランドバッグも我慢して、コツコツ老後の資金を貯めてきた。篤子には病気の舅と、高級ケアマンションで暮らす姑の芳乃がいた。月々のケアマンションの費用だけでも痛手だったのに、舅が亡くなり、章の妹・志津子と葬式代を誰がいくらを出すかで揉め、結局400万円近くも支払うことに。さらに、パートの契約が更新されず、篤子はクビを言い渡されてしまう…。,12.jpg
13,アイの歌声を聴かせて,景部高等学校に転入してきた謎の美少女、シオンは抜群の運動神経と天真爛漫な性格で学校の人気者になるが・・・実は試験中の【AI】だった！シオンはクラスでいつもひとりぼっちのサトミの前で突然歌い出し、思いもよらない方法でサトミの“幸せ”を叶えようとする。彼女がAIであることを知ってしまったサトミと、幼馴染で機械マニアのトウマ、人気NO.1イケメンのゴッちゃん、気の強いアヤ、柔道部員のサンダーたちは、シオンに振り回されながらも、ひたむきな姿とその歌声に心動かされていく。しかしシオンがサトミのためにとったある行動をきっかけに、大騒動に巻き込まれてしまう――。,13.jpg
14,映画トロピカル～ジュ！プリキュア,わたし、夏海まなつ！ある日、雪の王国・シャンティアから素敵な招待状が届いたんだ！新しく女王になるシャロンのお祝いの式が開かれるんだって！みんなでキラキラに輝く雪の世界へ出発♪うわぁ～、トロピカってる～！人魚の国の女王を目指しているローラは、シャロンと仲良くなってきれいな指輪をプレゼントされたの。そして、ある“約束”をしたんだけど...突然、謎の怪物が現れてみんなを王国に閉じ込めちゃった...！！大ピンチ！と思ったら「ハートキャッチプリキュア！」のみんなが駆けつけてくれて、わたしたちのやる気もパワーアップ！,14.jpg
15,ＣＵＢＥ　一度入ったら、最後,突然閉じ込められた男女6人。エンジニア、団体職員、フリーター、中学生、整備士、会社役員。彼らには何の接点もつながりもない。理由もわからないまま、脱出を試みる彼らを、熱感知式レーザー、ワイヤースライサーや火炎噴射など、殺人的なトラップが次々と襲う。仕掛けられた暗号を解明しなくては、そこから抜け出すことは絶対にできない。体力と精神力の限界、極度の緊張と恐怖と不安、そして徐々に表れていく人間の本性…恐怖と不信感の中、終わりが見えない道のりを、それでも「生きる」ためにひたすら進んでいく。果たして彼らは無事に脱出することはできるのか？！,15.jpg
16,燃えよ剣,武州多摩の“バラガキ”土方歳三は、「武士になる」という熱い夢を胸に、近藤勇、沖田総司ら同志と共に京都へ向かう。徳川幕府の後ろ盾のもと、芹沢鴨を局長に擁し、市中を警護する新選組を結成。土方は副長として類まれな手腕と厳しい法度で組織を統率、新選組は倒幕派勢力制圧に八面六臂の活躍を見せる。お雪と運命的に出会い惹かれあう土方だったが、時流は倒幕へ傾いていき―――剣を手に命を燃やした男たちの知られざる【愛】と【戦い】が、今幕を開ける！,16.jpg
17,劇場版　抱かれたい男１位に脅されています。～スペイン編～,フラメンコを取り入れた二人舞台「血の婚礼」で共演が決まった東谷と高人。さっそく舞台の練習に励む高人だったが、フラメンコの練習中に東谷との才能の差を実感してしまう。そこで高人は“情熱”を学ぶべく東谷の故郷であるスペインへ飛ぶことに。一方、東谷は過去に高人から一方的に別れを告げられたことが心に引っかかったままで......。,17.jpg
18,００７／ノー・タイム・トゥ・ダイ,ボンドは現役を退き、ジャマイカで穏やかな日々を過ごしていた。しかし、それは長くは続かない。ある日、旧友でもあり、CIAエージェントのフェリックス・ライターは、誘拐された科学者を救い出してほしいとボンドのもとを訪ねる。その想像を超える過酷なミッションよって、ボンドは危険な最新技術を操る正体不明の敵へと導かれていくのであった…。,18.jpg
19,総理の夫,ある日の朝、鳥類学者の相馬日和（田中圭）は少数野党の党首を務めている最愛の妻・凛子（中谷美紀）から意味深な話を投げかけられた。「ねぇ日和くん、もしも私が総理大臣になったら、何かあなたに不都合はある？」聞き返してもはぐらかされ、野鳥観察の出張に出た日和。ろくに電波の届かない孤島で十日間を過ごしているうちに……、なんと彼女は、この国の未来をすっかり変えてしまっていた！史上初の女性内閣総理大臣に選出された凜子。時を同じく、突然「総理の夫」となってしまった日和。微力ながら彼女の夢を全力で応援しようくらいに思っていた日和であったが、予想だにしなかった激動の日々に巻き込まれていく……！！,19.jpg
20,科捜研の女　－劇場版－,榊マリコをはじめとする“科捜研”のスペシャリストたち、捜査一課の土門刑事、解剖医の風丘教授らがスクリーンを舞台に挑むのは＜世界同時多発不審死事件＞。京都を皮切りに世界中に拡がる死の連鎖。シリーズ史上最難関の事件、現代最新科学では絶対に解き明かせないトリックを操る＜史上最強の敵＞。スクリーンに散りばめられた謎を解かなければ、死の連鎖は止められない。究極の決断を迫られた榊マリコが最後にとった行動とは――,20.jpg
21,すべてが変わった日,1963年、モンタナ州の牧場。元保安官のジョージ・ブラックリッジと妻のマーガレットは、落馬の事故で息子のジェームズを失う。3年後、未亡人として幼い息子のジミーを育てていた義理の娘のローナが、ドニー・ウィボーイと再婚。暴力的なドニーがローナとジミーを連れてノースダコタ州の実家に引っ越したと知ったマーガレットは、義理の娘と孫を取り戻すことを決意する。しかしジョージとマーガレットを待ち受けていたのは、暴力と支配欲ですべてを仕切る異様な女家長、ブランシュ・ウィボーイだった……。,21.jpg
22,サマーフィルムにのって,勝新を敬愛する高校３年生のハダシ。 キラキラ恋愛映画ばかりの映画部では、撮りたい時代劇を作れずにくすぶっていた。 そんなある日、彼女の前に現れたのは武士役にぴったりな凛太郎。 すぐさま個性豊かな仲間を集め出したハダシは、 「打倒ラブコメ！」を掲げ文化祭でのゲリラ上映を目指すことに。 青春全てをかけた映画作りの中で、ハダシは凛太郎へほのかな恋心を抱き始めるが、 彼には未来からやってきたタイムトラベラーだという秘密があった――。,22.jpg
23,ドント・ブリーズ２,人気のない郊外の古びた屋敷に住む、ある盲目の老人。彼はその屋敷で一人の少女を大切に育て、二人だけで静かに暮らしていた――その男こそ、8年前、強盗に押し入られた被害者として生きているが、実は強盗団を惨殺した過去をもつ、あの盲目の老人だった…。ある日、謎の武装集団が老人の屋敷に静かに忍び込む。その目的は少女――。暗闇の中、すべてを知り尽くした屋敷内で全員の抹殺を試みるも、訓練されていた集団は老人を襲い、火を放つ。命からがら炎の中から逃げ出したが、そこに少女の姿はない。目覚める狂気の怒り。老人は己の手で大切に育てた少女を取り戻すため、武装集団の後を追う…。,23.jpg
24,ボヘミアン・ラプソディ,レディー・ガガが「史上最高の天才エンターテイナー」、ケイティ・ペリーが「今も最も影響を受けている」と称賛。それが伝説のバンド＜クイーン＞のリード・ヴォーカル、フレディ・マーキュリーだ。彼の名前を知らなくても、「ボヘミアン・ラプソディ」、「伝説のチャンピオン」、「ウィ・ウィル・ロック・ユー」などのワンフレーズを耳にすれば、誰もがたちまち心浮き立ち、思わず歌いださずにいられない。どうやってフレディは、世間の常識や既成概念に逆らい、従来の音楽を打ち破り、地上で最も愛されるエンターテイナーになったのか？,24.jpg
25,映画　賭ケグルイ　絶体絶命ロシアンルーレット,ギャンブルの強さだけで学内のヒエラルキーが決まる私立百花王学園。蛇喰夢子（浜辺美波）の脅威に、生徒会が危機感を募らせる中、上納金を支払うことができない「家畜」の数が急増。そんな中、2年前のある事件を機に、停学処分を受けていた視鬼神真玄（藤井流星）が舞い戻る。彼の策略にハメられた夢子は打ち負かされ、ギャンブルを封じ込められてしまう。傍若無人な視鬼神は、ついに桃喰綺羅莉（池田エライザ）を生徒会長の座から引きずり下ろす。そして迎えた、会長交代式。夢子は視鬼神に“公式戦”を申し込むのだった―,25.jpg
26,シン・ゴジラ,"東京湾・羽田沖。突如、東京湾アクアトンネルが巨大な轟音とともに大量の浸水に巻き込まれ、崩落する原因不明の事故が発生した。首相官邸では総理大臣以下、閣僚が参集されて緊急会議が開かれ、内閣官房副長官・矢口蘭堂は、海中に棲む巨大生物による可能性を指摘。周囲は矢口の意見を一笑に付すものの、直後、海上に巨大不明生物の姿が露わになった。慌てふためく政府関係者が情報収集に追われる中、謎の巨大不明生物は上陸。普段と何も変わらない生活を送っていた人々の前に突然現れ、次々と街を破壊し、止まること無く進んでいく。政府は緊急対策本部を設置し、自衛隊に防衛出動命令を発動。そして、川崎市街にて、“ゴジラ”と名付けられたその巨大不明生物と、自衛隊との一大決戦の火蓋がついに切られた。果たして、人智を遥かに凌駕する完全生物・ゴジラに対し、人間に為す術はあるのか？(C)2016 TOHO CO.,LTD.",26.jpg
27,劇場版 ファイナルファンタジーXIV 光のお父さん,仕事一筋だった父が、突然会社を辞めた。母と妹も一日中ボーっとテレビを見ている父を、遠巻きに眺めている。父の本音を知りたい、そんな願いに突き動かされたアキオはある計画を閃く。子供の頃、一緒に遊んだ思い出のあるゲーム「ファイナルファンタジー」のオンラインの世界に父を誘い、自分は正体を隠して共に冒険に出るのだ。アキオは顔も本名も知らないゲーム仲間たちの協力のもと、計画を進めていく。だが、この時のアキオは思いもしなかった。父に、誰にも告げていない秘密があるとは--。(C)2019『劇場版 ファイナルファンタジーXIV 光のお父さん』製作委員会(C)マイディー/スクウェア・エニックス,27.jpg
28,ザ・ファブル,どんな相手も6秒以内に殺す?“ファブル(寓話)”と呼ばれる謎の殺し屋は、裏社会で誰もが「伝説」と恐れる存在だった。仕事をしすぎた彼に、ボスが与えたミッション。それは、「一年間、誰も殺すな。一般人に溶け込み普通に暮らせ。休業中に誰かを殺したら、俺がお前を殺す。」ファブルは、佐藤アキラという偽名を使い、相棒のヨウコと共に、生まれて初めて一般人としての生活を始める。殺しを封じ、バイトをしたり、インコを飼ったり、≪普通≫を満喫しはじめた矢先、裏社会の人間たちが引き起こすトラブルに次々と巻き込まれる。ついにはファブルが一般社会で出会い、世話になった女性・ミサキが人質に取られ、事態は思わぬ方向に！ファブルは、ヨウコの協力のもと、「誰も殺さず人質救出」という前代未聞の無謀なミッションに挑む！(C)2019「ザ・ファブル」製作委員会,28.jpg
29,ジョーカー(字幕版),"売れないコメディアンのアーサー・フレックが暴漢に遭遇したのは、ゴッサムシティの街を道化姿でさまよっていたときだった。社会から見捨てられたフレックは徐々に狂気への坂を転落してゆき、やがてジョーカーという名のカリスマ的な犯罪者へと変貌を遂げる。トッド・フィリップス監督が放つ、衝撃のサスペンス・エンターテイメント！ Rating R15+ TM & (C) DC. Joker (C) 2019 Warner Bros. Entertainment Inc., Village Roadshow Films (BVI) Limited and BRON Creative USA, Corp. All rights reserved.",29.jpg
30,カイジ ファイナルゲーム,2020年、国を挙げて盛大に開かれた東京オリンピックの終了を機に、この国の景気は恐ろしい速さで失速していった。金を持つ強者だけが生き残り、金のない弱者は簡単に踏みつぶされ、身を寄せ合うことで何とか今を生きていた。自堕落な生活を送っていたカイジは、派遣会社からクズと罵られ、薄っぺらい給料袋を手渡される。そんなカイジに声をかけてきたのは、帝愛グループ企業のひとつを任される社長に出世し、スーツに身を包んだ大槻だった。大槻は一枚のチラシを見せ、自分と組まないかとカイジを誘った。それは【第５回若者救済イベント開催！バベルの塔】。金を持て余した大金持ちの老人が主催するイベントで、一攫千金のチャンスだ。運命の歯車は動き出した。カイジを待ち受ける未来は天国か地獄か？日本中を奮い立たせる最後のギャンブルが始まる-(C)福本伸行・講談社／２０２０映画「カイジ ファイナルゲーム」製作委員会,30.jpg
31,ぐらんぶる,青い海、聞こえてくる潮騒、照り付ける陽射し――国内でも珍しい離島にある大学に入った伊織の目標はただひとつ。それは気のあう友人や可愛い女子と＜キラキラな大学生活＞を送ること。なのに――「何かおかしい」最初に異変を感じたのはオリエンテーションの朝。伊織はなぜか服も記憶もなく大学の講堂の前で目覚めてしまう。やがて同じ境遇に陥った無駄にイケメンなアニメオタク・耕平と出会い、共にある場所にたどり着く。そこは常識が通用しない“無法地帯”、超ぶっ飛んだダイビングサークルだった！狂暴なクーデレいとこ、どシスコンのお姉さま、エロい先輩、はたまた激ケバギャルも！？神様、僕たちに普通の大学生活を送らせてください―ヤバすぎるメンバーに囲まれた、伊織と耕平の運命は果たして？！ Rating PG12 (C)井上堅二・吉岡公威／講談社 (C)2020映画「ぐらんぶる」製作委員会,31.jpg
32,マネー・ショート華麗なる大逆転 (字幕版),実話に基づき、４人のアウトサイダーを描いた物語。大手銀行、メディア、政府が否定した世界経済の破綻を予見した男たちによる大胆な投資は、銀行のいかがわしい闇を浮かび上がらせた。そこには人間も物も、何もかも信じられない世界があった。,32.jpg
33,呪怨　劇場版,ある日、介護ボランティアをする女子大生の仁科理佳は、寝たきりの老婆・徳永幸枝の様子を見るためその家を訪れた。理佳は何か不気味な雰囲気を感じつつも家の中へと入っていく。悪臭が漂い物が散乱する中を進み、一階の薄暗い部屋で幸枝を発見する理佳だったが…。数日前、幸枝の息子・勝也が帰宅すると妻が倒れていた。この家に引っ越して以来、一家は不吉なことに見舞われ続けていた。やがて勝也の妹・仁美が不審に思いこの家にやって来るが、どこか様子のおかしい勝也に門前払いされてしまう。これを機に、仁美にも不吉なことが憑きまとうようになり…。（Ｃ）「呪怨」製作委員会,33.jpg
34,この世界の片隅に,すずは、広島市江波で生まれた絵が得意な少女。昭和19年、20キロ離れた町・呉に嫁ぎ18歳で一家の主婦となったすずは、あらゆるものが欠乏していくなかで、日々の食卓を作り出すために工夫を凝らす。,34.jpg
35,ピーターラビット™ （字幕版),ピーターは世界で一番幸せなウサギ。たくさんの仲間に囲まれ、画家のビアという心優しい大親友もいる。亡き両親のことを想うと寂しいけれど、ビアの存在がすべてを吹き飛ばしてくれる。ところがある日、大都会ロンドンから潔癖症で動物嫌いのマグレガーが隣に引っ越してきたことで、ピーターの生活は一変！今までの幸せを守りたいピーターと、あの手この手で動物たちを追い払おうとするマグレガーとの争いはエスカレート。さらにビアへの“恋心”も絡まって思わぬ大事件に発展！ピーターはあるミッションを秘めて、初めてのロンドンへ向かうのだが——。,35.jpg
36,プラットフォーム,"ある日、ゴレンは目が覚めると「48」階層にいた。部屋の真ん中に穴があいた階層が遥か下の方にまで伸びる塔のような建物の中、上の階層から順に食事が""プラットフォーム""と呼ばれる巨大な台座に乗って運ばれてくる。上からの残飯だが、ここでの食事はそこから摂るしかないのだ。同じ階層にいた、この建物のベテランの老人・トリマカシからここでのルールを聞かされる…1ヶ月後、ゴレンが目を覚ますと、そこは「171」階層で、ベッドに縛り付けられて身動きが取れなくなっていた！果たして、彼は生きてここから出られるのか！？",36.jpg
37,ストーリー・オブ・マイライフ／わたしの若草物語,19世紀、アメリカ、マサチューセッツ州ボストン。マーチ家の四姉妹メグ、ジョー、ベス、エイミー。情熱家で、自分を曲げられないため周りとぶつかってばかりの次女ジョー（シアーシャ・ローナン）は、小説家を目指し、執筆に励む日々。自分とは正反対の控えめで美しい姉メグ（エマ・ワトソン）が大好きで、病弱な妹ベス（エリザ・スカレン）を我が子のように溺愛するが、オシャレにしか興味がない美人の妹エイミー（フローレンス・ピュー）とはケンカが絶えない。 この個性豊かな姉妹の中で、ジョーは小説家としての成功を夢見ている。ある日ジョーは、資産家のローレンス家の一人息子であるローリー（ティモシー・シャラメ）にダンス・パーティで出会う。ローリーの飾らない性格に、徐々に心惹かれていくジョー。 しかしローリーからプロポーズされるも、結婚をして家に入ることで小説家になる夢が消えてしまうと信じるジョーは、「私は結婚できない。あなたはいつかきっと、もっと素敵な人と出会う」とローリーに告げる。 自分の選択でありながらも、心に一抹の寂しさを抱えながらジョーは小説家として自立するため、ニューヨークに渡る――。,37.jpg
38,返校 言葉が消えた日,1962年、蒋介石率いる国民党の独裁政権下の台湾では、市民に相互監視と密告が強制されていた。翠華高校に通う女子高生のファン・レイシンが放課後の教室で眠りから目を覚ますと、何故か学校には誰もいなくなってい た。校内を一人さ迷うファンは、政府から禁じられた本を読む読書会メンバーで、秘かに彼女を慕う男子学生のウェイ・ジョンティンと出会い、協力して学校からの脱出を試みるが、どうしても外に出ることができない。消えた同級生や先生を探す二人は悪夢のような恐怖が迫るなか、学校で起こった政府による暴力的な迫害事件と、その原因を作った 密告者の哀しい真相に近づいていくー。,38.jpg
39,ゾンビランド：ダブルタップ,2009年、地球は爆発的なウィルス感染により人類はゾンビと化し、数少ない生き残りの1人で あるアメリカ・テキサス州の生存者、コロンバス(ジェシー・アイゼンバーグ)は「生き残るための32のルール」を作り、タラハシー(ウディ・ハレルソン)、ウィチタ(エマ・ストーン)、リトルロック(アビゲイル・ ブレスリン)ら仲間と共に、お互いを支え合ったり、裏切ってみたり、恋したり、親の気持ちになったりしながら、明るくゾンビ社会を生き抜いていた。 ――あれから10年。2019年の地球はさらに激しくゾンビ化し、ヤツらはさらに進化を遂げていた! なんだかんだで“ファミリー”の4人は、さらにパワーアップさせた73!?のルールで、生き残りをかける!!,39.jpg
40,アイネクライネナハトムジーク,仙台駅前。 大型ビジョンには、日本人のボクシング世界王座をかけたタイトルマッチに沸く人々。そんな中、この時代に街頭アンケートに立つ会社員・佐藤の耳に、ふとギターの弾き語りが響く。歌に聴き入る紗季と目が合い思わず声をかけると、快くアンケートに応えてくれた。 二人の小さな出会いは、妻と娘に出て行かれ途方にくれる佐藤の上司・藤間や、分不相応な美人妻・由美と娘・美緒を持つ佐藤の親友・一真、その娘の同級生・和人の家族、由美の友人で、声しか知らない男に恋する美容師・美奈子らを巻き込み、10年の時をかけて奇跡のような瞬間を呼び起こす─。,40.jpg
41,少年の君,進学校に通う高校3年生のチェン・ニェン。大学進学のための全国統一入学試験を控え殺伐とする校内で、ひたすら参考書に向かい息を潜めて卒業までの日々をやり過ごしていた。そんな日々の中、同級生の女子がクラスメイトのいじめを苦に、校舎から飛び降り自らの命を絶った。少女の死体に無遠慮に向けられる生徒たちのスマホのレンズ、その異様な光景に耐えきれなくなったチェン・ニェンは、遺体にそっと自分の上着をかけてやる。しかしそのことがきっかけで、激しいいじめの矛先はチェン・ニェンへと向かうようになってしまう。彼女の学費のためと犯罪スレスレの商売に手を出している母親以外に身寄りはなく、頼る者もないチェン・ニェン。同級生たちの悪意が日増しに激しくなる中、下校途中の彼女は集団暴行を受けている少年を目撃し、とっさの判断で彼シャオベイを窮地から救う。辛く孤独な日々を送る優等生の少女と、ストリートに生きるしかなかった不良少年。二人の孤独な魂は、いつしか互いに引き合ってゆくのだが…。,41.jpg
42,ライトハウス,1890年代、ニューイングランドの孤島に二人の灯台守がやって来る。彼らにはこれから四週間に渡って、灯台と島の管理を行う仕事が任されていた。だが、年かさのベテラン、トーマス・ウェイク（ウィレム・デフォー）と未経験の若者イーフレイム･ウィンズロー（ロバート・パティンソン）は、そりが合わずに初日から衝突を繰り返す。険悪な雰囲気の中、やってきた嵐のせいで二人は島に閉じ込められてしまう……。,42.jpg
43,ブックスマート 卒業前夜のパーティーデビュー,成績優秀な優等生であることを誇っていた親友同士のエイミー(ケイトリン・デヴァー)とモリー(ビーニー・フェルドスタイン)。しかし、卒業前夜、遊んでばかりいたはずの同級生もハイレベルな進路を歩むことを知り自信喪失。二人は失った時間を取り戻すべく卒業パーティーに乗り込むことを決意する。果たして、二人を待ち受ける怒涛の一夜の冒険とは?そして、無事に卒業式を迎えることができるのだろうか!?,43.jpg
44,パラサイト 半地下の家族,全員失業中で、その日暮らしの生活を送る貧しいキム一家。長男ギウは、ひょんなことからIT企業のCEOである超裕福なパク氏の家へ、家庭教師の面接を受けに行くことになる。そして、兄に続き、妹のギジョンも豪邸に足を踏み入れるが...この相反する2つの家族の出会いは、誰も観たことのない想像を超える悲喜劇へと猛烈に加速していく――。,44.jpg
45,見えない目撃者,警察学校卒業式の夜、自らの過失で弟を事故死させてしまった浜中なつめ（吉岡里帆）。そのときの事故が原因で失明し、警察官を諦めた彼女は、弟の死を乗り越えることができずに３年経った今も失意の中にいた。 そんなある日、なつめは車の接触事故に遭遇する。その事故現場で車中から聞こえた、助けを求める少女の声から誘拐事件の可能性があると訴えるなつめ。視覚以外の感覚から感じ取った『目撃』情報を警察に提示するも、警察は目の見えないなつめを『目撃者』足り得ないと考え、捜査を打ち切ってしまう。 それでも、少女を救いたいと考えるなつめは、事故現場で車に接触したスケボー少年・国崎春馬（高杉真宙）を探し出す。やがて、彼らの必死の捜査により女子高生失踪が関連づけられてゆくのだが、猟奇殺人犯の魔の手は彼らにも迫ってくるーーー,45.jpg
46,ブライトバーン/恐怖の拡散者,子供ができず、ずっと苦しんできたトーリ(エリザベス・バンクス)は、母になる日を夢見ていた。ある日、謎めいた男の赤ちゃんの到来でその夢が実現する。聡明で、才能にあふれ、好奇心旺盛な子供ブランドンは、トーリと夫のカイル(デヴィッド・デンマン)にとってかけがえのない存在となった。しかし、12歳になったブランドン(ジャクソン・A・ダン)の中に強烈な闇が現れ、トーリは息子に恐ろしい疑いを抱き始める。やがてブランドンは、普通の人が持つことのない異常な力を発揮し始める。そしてブランドンは、カンザス州・ブライトバーンをとてつもない恐怖に陥れていった――。,46.jpg
47,クイーン＆スリム,クリーブランドの街角。初デートの帰り道、クイーンとスリムは難癖をつけてきた白人警官に車を止められた。弁護士として納得できないクイーンが強気の態度に出ると、警官は彼女に向けて発砲、激昂したスリムは警官に飛びつき逆に射殺してしまう。突然の悲劇に見舞われたふたりは、南へと車を走らせる。 こうして始まった逃避行。事件の映像が流出しSNSで拡散されたことにより、2人は人々の怒りの“象徴”となっていく。,47.jpg
48,恐怖人形,女子大生の平井由梨は日々、趣味のカメラで幼なじみの真人と日常の風景を撮影していた。そんなある日、由梨の自宅に差出人不明のパーティの案内が届く。少し怪しげな案内状ではあったが、真人のところにも同じものが届いていたことから、2人は軽い気持ちでパーティに参加することに。それは、決して引き返すことのできないパーティだった・・・。,48.jpg
49,白蛇：縁起,晩唐の時代、天下が動乱に堕ち、さらに国師は民に蛇狩りを強要し、民が生活に喘いていた。そんな中、数百年の修行で人間の姿を変化していた蛇の妖怪「白」は、国師を刺殺しようとしたが失敗。逃亡の末、白は滝から落ち、記憶をなくしてしまい、蛇狩りの少年「許宣」に救われた。白が蛇の妖怪ということも徐々に明らかになってきた一方、国師と蛇一族との間にも激しい戦いが始まろうとした。大きな試練が与えられた二人の未来は一体…。,49.jpg
50,ミッドサマー,家族を不慮の事故で失ったダニー(フローレンス・ピュー)は、大学で民俗学を研究する恋人や友人と5人でスウェーデンの奥地で開かれる“90年に一度の祝祭”を訪れる。美しい花々が咲き乱れ、太陽が沈まないその村は、優しい住人が陽気に歌い踊る楽園のように思えた。しかし、次第に不穏な空気が漂い始め、ダニーの心はかき乱されていく。妄想、トラウマ、不安、恐怖......それは想像を絶する悪夢の始まりだった。,50.jpg
51,劇場版 ファイナルファンタジーXIV 光のお父さん,仕事一筋だった父が、突然会社を辞めた。母と妹も一日中ボーっとテレビを見ている父を、遠巻きに眺めている。父の本音を知りたい、そんな願いに突き動かされたアキオはある計画を閃く。子供の頃、一緒に遊んだ思い出のあるゲーム「ファイナルファンタジー」のオンラインの世界に父を誘い、自分は正体を隠して共に冒険に出るのだ。アキオは顔も本名も知らないゲーム仲間たちの協力のもと、計画を進めていく。だが、この時のアキオは思いもしなかった。父に、誰にも告げていない秘密があるとは――。,51.jpg
52,アラジン,ダイヤモンドの心を持ちながら、本当の自分の居場所を探す貧しい青年アラジンが巡り合ったのは、王宮の外の世界での自由を求める王女ジャスミンと、 “３つの願い”を叶えることができる“ランプの魔人”ジーニー。 果たして3人はこの運命の出会いによって、それぞれの“本当の願い”に気づき、それを叶えることはできるのだろうか──？,52.jpg
53,楽園,ある地方都市で起きた少女失踪事件。家族と周辺住民に深い影を落とした出来事をきっかけに知り合った孤独な青年・豪士と、失踪した少女の親友だった紡。不幸な生い立ち、過去に受けた心の傷、それぞれの不遇に共感しあうふたり。だが、事件から12年後に再び同じＹ字の分かれ道で少女が姿を消して、事態は急変する。一方、その場所にほど近い集落で暮らす善次郎は、亡くした妻の忘れ形見である愛犬と穏やかな日々を過ごしていた。だが、ある行き違いから周辺住民といさかいとなり、孤立を深める。次第に正気は失われ、誰もが想像もつかなかった事件に発展する。2つの事件、3つの運命、その陰に隠される真実とは―。“楽園”を求め、戻ることができない道を進んだ者の運命とは―。,53.jpg
54,この世界の（さらにいくつもの）片隅に,ここではひとりぼっち、と思ってた。 広島県呉に嫁いだすずは、夫・周作とその家族に囲まれて、新たな生活を始める。昭和19（1944）年、日本が戦争のただ中にあった頃だ。戦況が悪化し、生活は困難を極めるが、すずは工夫を重ね日々の暮らしを紡いでいく。ある日、迷い込んだ遊郭でリンと出会う。境遇は異なるが呉で初めて出会った同世代の女性に心通わせていくすず。しかしその中で、夫・周作とリンとのつながりを感じてしまう。昭和20（1945）年３月、軍港のあった呉は大規模な空襲に見舞われる。その日から空襲はたび重なり、すずも大切なものを失ってしまう。そして昭和20年の夏がやってくる――。,54.jpg
55,さよならくちびる,「二人とも本当に解散の決心は変わらないんだな？」全国7都市を回るツアーへの出発の朝、車に乗り込んだデュオ〈ハルレオ〉のハル（門脇麦）とレオ（小松菜奈）に、ローディ兼マネージャーのシマ（成田凌）が確認する。うなずく二人にシマは、「最後のライブでハルレオは解散」と宣言するのだった。2018年7月14日、解散ツアー初日から波乱は起きる。別行動をとったレオが、ライブに遅刻したのだ。険悪なムードの中、「今日が何の日かくらい憶えているよ」と、小さな封筒をハルに押し付けるレオ。しばらくして、何ごともなかったかのようにステージに現れるハルレオ。トレードマークのツナギ姿に、アコースティックギター。後ろでシマが、「たちまち嵐」を歌う二人をタンバリンでサポートする。次の街へ向かう車の中、助手席でレオからもらった封筒を開けるハルを見て、「そうか、今日はハルの誕生日か」と呟くシマに、「違うよ。初めてレオに声をかけた日だよ」と答えるハル。二人が出会ったのは、バイト先のクリーニング工場。上司に叱られ、むくれていたレオを、ハルがいきなり「ねえ、音楽やらない？あたしと」と誘ったのだ。,55.jpg
56,マスカレード・ホテル,都内で起こった3件の殺人事件。すべての事件現場に残された不可解な数字の羅列から、事件は予告連続殺人として捜査が開始された。警視庁捜査一課のエリート刑事・新田浩介（木村拓哉）はその数字が次の犯行場所を示していることを解読し、ホテル・コルテシア東京が4番目の犯行場所であることを突きとめる。しかし犯人への手掛かりは一切不明。そこで警察はコルテシア東京での潜入捜査を決断し、新田がホテルのフロントクラークとして犯人を追うこととなる。そして、彼の教育係に任命されたのは、コルテシア東京の優秀なフロントクラーク・山岸尚美（長澤まさみ）。お互いの立場の違いから幾度となく衝突する新田と尚美だったが、潜入捜査を進める中で、共にプロとしての価値観を理解しあうようになっていき、二人の間には次第に不思議な信頼関係が芽生えていく。,56.jpg
57,ザ・ファブル,どんな相手も6秒以内に殺す――。 “ファブル（寓話）”と呼ばれる謎の殺し屋（岡田准一）は、裏社会で誰もが「伝説」と恐れる存在だった。しかし、ちょっと仕事をし過ぎた彼に、ボス（佐藤浩市）はある指令を与える。 「一年間、一般人として普通に暮らせ。休業中に誰かを殺したら、俺がお前を殺す」ファブルは、佐藤アキラという偽名を使い、相棒のヨウコ（木村文乃）と共に生まれて初めて一般人として街に溶け込む生活を始める。インコを飼ったり、バイトしたり…。 殺しを封じ、《普通》を満喫し始めた矢先、ファブルの命を狙う裏社会の組織や、ファブルに助けを求める者たちが次々に現れ、事態は思わぬ方向へ急発進する！ 【絶対に殺してはいけない】指令のもと、絶体絶命のピンチを切り抜け平和に暮らせるのか―？！,57.jpg
58,イエスタデイ,“イエスタデイ＜昨日＞”まで、地球上の誰もがザ・ビートルズを知っていた。 しかし今日、彼らの名曲を覚えているのは世界で一人、ジャックだけ・・・ ジャックは突然、信じられない不思議な世界に身を置くこととなってしまった！ ジャックは、イギリスの小さな海辺の町に住む、悩めるシンガーソングライター。 幼なじみで親友のエリーから献身的に支えられているもののまったく売れず、音楽で有名になりたいという夢に限界を感じていた。そんな時、世界規模で瞬間的な停電が起こり、彼は交通事故に遭う。昏睡状態から目を覚ますと、この世には史上最も有名なバンド、ザ・ビートルズが存在していなかったことになっていることに気づくが・・・。,58.jpg
59,新聞記者,東都新聞記者・吉岡は、送り主不明の「医療系大学の新設」に関する極秘文書を元に、許認可先の内閣府を洗い始める。ほどなく神崎というキーパーソンに行き当たるが、神崎は投身自殺を遂げてしまう。一方、内閣情報調査室（内調）に勤める杉原は政権を守るための情報操作やマスコミ工作に明け暮れていた。しかし、外務省時代の尊敬する上司・神崎の死を通じて、官邸が強引に進める驚愕の計画を知ることになる。それぞれの全人生を賭けた、二人の選択とは！？,59.jpg
60,ワンス・アポン・ア・タイム・イン・ハリウッド,リック・ダルトン（レオナルド・ディカプリオ）は人気のピークを過ぎたTV俳優。映画スター転身の道を目指し焦る日々が続いていた。そんなリックを支えるクリフ・ブース（ブラッド・ピット）は彼に雇われた付き人でスタントマン、そして親友でもある。目まぐるしく変化するエンタテインメント業界で生き抜くことに精神をすり減らしているリックとは対照的に、いつも自分らしさを失わないクリフ。パーフェクトな友情で結ばれた二人だったが、時代は大きな転換期を迎えようとしていた。そんなある日、リックの隣に時代の寵児ロマン・ポランスキー監督と新進の女優シャロン・テート（マーゴット・ロビー）夫妻が越してくる。今まさに最高の輝きを放つ二人。この明暗こそハリウッド。リックは再び俳優としての光明を求め、イタリアでマカロニ・ウエスタン映画に出演する決意をするが―。 そして、1969年8月9日－それぞれの人生を巻き込み映画史を塗り替える【事件】は起こる。,60.jpg
61,バクラウ 地図から消された村,村の長老である老婆カルメリータの死をきっかけに故郷の村バクラウに戻ったテレサ。しかしその日から村では不可解なことが次々に起こり始める。突然、村はインターネットの地図上から姿を消し、上空には正体不明の飛行物体が現れる。村の生命線である給水車のタンクに何者かが銃を撃ち込み、村外れでは村人が血まみれの死体で発見される。めったに現れないはずの他所者の来訪、それは血で血を洗う暴力と惨劇の幕開けだった。,61.jpg
62,ジュマンジ／ネクスト・レベル,「ジュマンジ～！！！」と叫んで、ゲームクリアしてから2年。当時高校生だったスペンサー、マーサ、フリッジ、ベサニーもそれぞれの路を進み、今は大学生。しかし、スペンサーはあの時の興奮が忘れられず、粉々に破壊したハズのジュマンジをこっそり修理し始める。その瞬間、またしてもゲームの中に吸い込まれてしまった！ スペンサーを救出する為に、再びジュマンジにログインする3人。しかし、壊れたゲームの世界はバグっており、キャラの入れ替わり設定はめちゃくちゃ、しかもスペンサーのお祖父ちゃん達もジュマンジの中に！？そしてジャングルのみならず、砂漠、氷山など新たなステージが追加され難易度もレベルアップ！ゲームに吸い込まれたスペンサーは、いったいどのステージにいて、どんなキャラクターになっているのか！？しかも、今回一緒にゲームに挑むのはお祖父ちゃん・・・！完全に“無理ゲー”と化したジュマンジ！使えるライフは３回。スキルを駆使して、スペンサーを無事に救出できるのか？ 生きて現実世界に戻るには、呪われたゲーム“ジュマンジ”の謎をとき、全クリするしか方法がない！！ 無理ゲーのレベルを超えた、超絶壊滅級アクション・アドベンチャー！！！,62.jpg
63,天気の子,「あの光の中に、行ってみたかった」 高１の夏。離島から家出し、東京にやってきた帆高。 しかし生活はすぐに困窮し、孤独な日々の果てにようやく見つけた仕事は、怪しげなオカルト雑誌のライター業だった。 彼のこれからを示唆するかのように、連日降り続ける雨。 そんな中、雑踏ひしめく都会の片隅で、帆高は一人の少女に出会う。 ある事情を抱え、弟とふたりで明るくたくましく暮らす少女・陽菜。 彼女には、不思議な能力があった。 「ねぇ、今から晴れるよ」 少しずつ雨が止み、美しく光り出す街並み。 それは祈るだけで、空を晴れに出来る力だった――。,63.jpg
64,チャーリーズ・エンジェル,国際機密企業チャーリー・タウンゼント社で特殊訓練を受けたエリート女性エージェント組織、通称“チャーリーズ・エンジェル”。彼女たちは世界各地に拠点を置き、平和を見守る天使＝“エンジェル”として隠密に活動している。ある日、巨大テクノロジー企業に勤める天才プログラマーのエレーナ（ナオミ・スコット）は、自身が開発したプロダクト＝新エネルギー源“カリスト”を会社が武器として軍事利用していることに気づき、エンジェルたちに調査を依頼。それがきっかけで、エレーナは命を狙われることに。姿を見せないチャーリーに代わり、エンジェルたちにミッションを与える司令塔ボスレー（エリザベス・バンクス）は、変装と潜入を得意とするサビーナ（クリステン・スチュワート）、元MI6であらゆる武器を自在に操るジェーン（エラ・バリンスカ）と共に、エレーナを守りながら調査を開始。さらにはエレーナのハッキングスキルを高く評価し、新たなエンジェルとしてスカウトする。それぞれの特技を最大限に活用し調査を進める“チャーリーズ・エンジェル”は、ハンブルク、リオデジャネイロ、イスタンブールなど行く先々で立て続けに危機に直面する。チャーリー・タウンゼント社に内通者がいるのか―？,64.jpg
65,閉鎖病棟ーそれぞれの朝ー,長野県のとある精神科病院。 死刑執行が失敗し生きながらえた秀丸（笑福亭鶴瓶）。 幻聴に悩まされるチュウさん（綾野 剛）。 ＤＶが原因で入院する由紀（小松菜奈）。 三人は家族や世間から遠ざけられながらも心を通いあわせる。 彼らの日常に影を落とす衝撃的な事件はなぜ起きたのか。 それでも「今」を生きていく理由とはなにか。 法廷で明かされる真実が、こわれそうな人生を夜明けへと導く―――。,65.jpg
66,レイニーデイ・イン・ニューヨーク,大学生のカップル、ギャツビー（ティモシー・シャラメ）とアシュレー（エル・ファニング）は、ニューヨークでロマンチックな週末を過ごそうとしていた。きっかけは 、アシュレーが学校の課題で、有名な映画監督ローランド・ポラード（リーヴ・シュレイバー）にマンハッタンでインタビューをする機会に恵まれたこと。生粋のニューヨーカーのギャッツビーは、アリゾナ生まれのアシュレーに街を案内したくてたまらない。ギャッツビーは自分好みのクラシックなスポットを巡るためのプランを詰め込むが、２人の計画は晴れた日の夕立のように瞬く間に狂い始め、思いもしなかった出来事がつぎつぎと起こるのだった……。現代を代表するアイコニックな俳優たちが集結し、ニューヨークの街で運命のいたずらに翻弄される男女のキュートなロマンチック・コメディ！,66.jpg
67,ロマンスドール,一目惚れをして結婚した園子と幸せな日常を送りながら、ラブドール職人であることを隠し続けている哲雄。仕事にのめり込むうちに家庭を顧みなくなった哲雄は、恋焦がれて夫婦になったはずの園子と次第にセックスレスになっていく。いよいよ夫婦の危機が訪れそうになった時、園子は胸の中に抱えていた秘密を打ち明ける・・・・・・。,67.jpg
68,ひとよ,15年前、ある家族に起きた一夜の事件。それは、母とその子どもたち三兄妹の運命を大きく狂わせた。一家はあの晩の出来事に囚われたまま別々の人生を歩み、15年後に再会。葛藤と戸惑いの中で、一度崩壊した絆を取り戻そうともがき続ける。抗うことのできなかった家族の岐路と15年越しに向き合う一家が辿り着く先とは―。,68.jpg
69,ビバリウム,ようこそ、夢のマイホームへ・・・ 新居を探すトム(アイゼンバーグ)とジェマ(プーツ)は、ふと足を踏み入れた不動産屋から、全く同じ家が並ぶ住宅地<Yonder>を紹介される。内見を終え帰ろうとすると、ついさっきまで案内していた不動産屋 が見当たらない。不安に思った二人は、帰路につこうと車を走らせるが、どこまでいっても景色は一向に変 わらない。二人はこの住宅地から抜け出せなくなってしまったのだ―― そこへ送られてきた一つの段ボール。中には誰の子かわからないうまれたばかりの赤ん坊。 果たして二人はこの住宅地から出ることができるのか―不動産屋の狙いはいったい何なのかー?,69.jpg
70,アベンジャーズ／エンドゲーム,最強を超える敵“サノス”によって、アベンジャーズのメンバーを含む全宇宙の生命の半分が一瞬で滅ぼされてしまった…。残されたアイアンマンをはじめとするヒーローたちはもう一度集結し、サノスに立ち向かうため、そして世界を救うために最後にして史上最大の戦いに挑む──。,70.jpg
71,幼い依頼人,ロースクールを卒業して出世の道を突き進むはずだったジョンヨプ(イ・ドンフィ)は何度も就職に失敗し、姉の勧めで臨時に児童福祉館に就職 する。ある日、継母から虐待を受けている“ダビン”姉弟に出会うが、さほど深刻に考えていなかった彼は、また来るという言葉だけを残して去 る。数日後、法律事務所に就職したジョンヨプは電話を受けダビンの鼓膜が破れたことを知る。ジョンヨプは継母からダビンを引き離そうとす るが、かえって誘拐犯扱いをされ、その後弟ミンジュンの死に加え殺人の被疑者とされたダビンを見て衝撃を受ける。何もかも間違った方向に 進んでしまったと感じたジョンヨプは、真実を明かすため、ついにダビンの弁護士になることを決心する。,71.jpg
72,人間失格 太宰治と3人の女たち,天才作家・太宰治。身重の妻・美知子とふたりの子どもがいながら恋の噂が絶えず、自殺未遂を繰り返す－。その破天荒な生き方で文壇から疎まれているが、ベストセラーを連発して時のスターとなっていた。太宰は、作家志望の静子の文才に惚れこんで激しく愛し合い、同時に未亡人の富栄にも救いを求めていく。ふたりの愛人に子どもがほしいと言われるイカれた日々の中で、それでも夫の才能を信じる美知子に叱咤され、遂に自分にしか書けない「人間に失格した男」の物語に取りかかるのだが・・・。,72.jpg
73,トイ・ストーリー４,“おもちゃにとって大切なのは子供のそばにいること”──新たな持ち主ボニーを見守るウッディ、バズらの前に現れたのは彼女の一番のお気に入りで手作りおもちゃのフォーキー。彼は自分をゴミだと思い込み逃げ出してしまう...。ボニーのためにフォーキーを救おうとするウッディを待ち受けていたのは、一度も愛されたことのないおもちゃや、かつての仲間ボーとの運命的な出会い、そしてスリルあふれる遊園地での壮大な冒険だった。見たことのない新しい世界で、最後にウッディが選んだ“驚くべき決断”とは...? 世界中が涙した前作を超える、「トイ・ストーリー」史上最大の感動のアドベンチャー。その結末は、あなたの想像を超える──。,73.jpg
74,Swallow／スワロウ,完璧な夫、美しいニューヨーク郊外の邸宅、ハンターは誰もが羨む暮らしを手に入れた。ところが、夫は彼女の話を真剣に聞いてはくれず、義父母からも蔑ろにされ、孤独で息苦しい日々を過ごしていた。そんな中、ハンターの妊娠が発覚する。待望の第一子を授かり歓喜の声をあげる夫と義父母であったが、ハンターの孤独は深まっていくばかり。ある日、ふとしたことからハンターはガラス玉を呑み込みたいという衝動にかられる。彼女は導かれるままガラス玉を口に入れ、呑み下すのだが、痛みとともに得も言われぬ充足感と快楽を得る。異物を“呑み込む”ことで多幸感に満ちた生活を手に入れたハンターは、次第により危険なものを口にしたいという欲望に取り憑かれていく…。,74.jpg
75,ドクター・スリープ,ダニーは、40年前の雪山のホテルの惨劇で、狂った父親に殺されかけたトラウマを抱えている。大人になった今も人を避けるかのように孤独に暮らす彼の周りで児童ばかりを狙った不可解な連続殺人事件が起きる。ある日、彼の前に謎の少女が現れる。その少女は特別な力でその事件を目撃してしまったのだ…ダニーと少女はこの事件の謎を追う中で、あの惨劇が起きた『シャイニング』のホテルに辿り着く。亡霊たちが巣食い、人を狂わせる呪われたホテルで起きる新たな恐怖。そしてふたりに待ち受ける想像を絶する結末とは―,75.jpg
76,スパイダーマン：ファー・フロム・ホーム,“ホーム”であるニューヨークを離れ、舞台はヨーロッパへ。ピーター（トム・ホランド）は親友のネッド（ジェイコブ・バタロン）やMJ（ゼンデイヤ）たちと2週間の夏休み旅行へ出かける。 そこでピーターの前に突如現れるのは、S.H.I.E.L.D.の長官、ニック・フューリー（サミュエル・L・ジャクソン）だ。「出番だぞ。私と共に戦う覚悟はあるか？」とピーターに告げるが・・。,76.jpg
77,ガンズ・アキンボ,ゲーム会社のプログラマー、マイルズ(ダニエル・ラドクリフ)はネットの掲示板やコメント欄に過激な書き 込みをする“ネット荒らし”をすることで仕事の憂さ晴らしをしていた。ある日マイルズは、街を舞台に殺し合いをさせ、それを視聴する人気の闇サイト「スキズム」でいつものように攻撃的なコメントを書き込みまくっていた。しかし、 この目に余る荒らしに対し、サイトを管理する闇の組織のボス、リクターが激怒。IPアドレスからマイルズの住所を特定し、マイルズを麻酔で気絶させる。目を覚ましたマイルズは意識が朦朧とする中で驚愕する。両手にボルトで拳銃が固定されていたのだ—。さらにリクターはマイルズの元彼女を拉致し、「スキズム」で最強の殺し屋ニックスと戦い、勝てたら解放すると条件を突きつける。ゲームの中でしか銃を撃った経験がないマイルズは 2 丁拳銃(=アキンボ)を武器にこの無理ゲーな殺し合いで生き残り、タイムリミット24時間以内にニックスを倒し、元カノを無事に救出できるのか—!?,77.jpg
78,エンド・オブ・ステイツ,かつて世界を未曾有のテロ事件から救ったシークレット・サービス、マイク・バニング（ジェラルド・バトラー）。英雄として名を馳せ、今もトランブル大統領（モーガン・フリーマン）から絶大な信頼を得ているが、歴戦の負傷は彼の体を蝕んでいた。 引退が頭をよぎるようになっていたある日、休暇中のトランブル大統領に空から大量のドローン爆弾が襲いかかる。激しい攻撃の中意識を失い、目を覚ますとマイクは大統領暗殺を企てた容疑者として拘束され、FBIの執拗な尋問を受けていた。 何者かが仕組んだ陰謀。なんとか隙を突いて逃げ出した彼は、真実を明らかにするため走り出す。 傷だらけの英雄、最後の戦いが今始まる―,78.jpg
79,ナイブズ・アウト／名探偵と刃の館の秘密,NYの豪邸で世界的ミステリー作家の85歳の誕生日パーティーが開かれた翌朝、彼が遺体で発見される。名探偵ブノワ・ブランは、匿名の人物からこの事件の調査依頼を受けることになる。パーティーに参加していた資産家の家族や看護師、家政婦ら屋敷にいた全員が第一容疑者。調査が進むうちに名探偵が家族のもつれた謎を解き明かし、事件の真相に迫っていく―。,79.jpg
80,キングダム,紀元前245年、春秋戦国時代、中華・西方の国「秦」。戦災孤児の少年の信（山﨑賢人） と漂（吉沢亮） は、いつか天下の大将軍になることを夢見て日々剣術の鍛練を積んでいた。ある日、漂は王都の大臣である昌文君（髙嶋政宏） によって召し上げられ王宮へ。信と漂の二人は別の道を歩むことになる……。 王宮では王弟・成蟜（本郷奏多） によるクーデターが勃発。戦いの最中、漂は致命傷を負いながらも、信のいる納屋にたどり着く。「今すぐそこに行け…」血まみれの手で握りしめていた地図を信に託し、漂は息絶える。信は漂が携えていた剣とその地図とともに走り出した。 地図が示す小屋にたどり着いた信の目に飛び込んできたのは、静かにたたずむ漂の姿だった！？ 死んだはずの漂がなぜ―,80.jpg
81,1917 命をかけた伝令,第一次世界大戦真っ只中の1917年のある朝、若きイギリス人兵士のスコフィールドとブレイクにひとつの重要な任務が命じられる。それは一触即発の最前線にいる1600人の味方に、明朝までに作戦中止の命令を届けること。 進行する先には罠が張り巡らされており、さらに1600人の中にはブレイクの兄も配属されていたのだ。 戦場を駆け抜け、この伝令が間に合わなければ、兄を含めた味方兵士全員が命を落とし、イギリスは戦いに敗北することになる― 刻々とタイムリミットが迫る中、2人の危険かつ困難なミッションが始まる・・・。,81.jpg
82,ワイルド・スピード／スーパーコンボ,ロサンゼルスで娘と暮らす、ワイルドなスタイルで超重量級のクルマを操る追跡のプロ・元FBI特別捜査官ルーク・ホブスと、ロンドンで優雅な生活を送る、クールなスタイルで超高級なクルマを駆る規格外の元MI6エージェント・デッカード・ショウ。 2人の元に、行方をくらませたMI6の女性エージェント・ハッティを保護して欲しいという政府の協力要請が入る。 ハッティは全人類の半分を滅ぼす新型ウイルス兵器をテロ組織から奪還したが、組織を率いる、肉体改造を施された超人的な戦士・ブリクストンに急撃され、ウイルスと共に消息を絶った。しかも、彼女はショウの妹でもあるという。ホブスとショウは「こんな奴と誰が組むか！」と協力を拒否するが、ウイルスの回収を最優先するため、仕方なく手を組む事に…世界の命運はこの2人に託された！,82.jpg
83,モロッコ、彼女たちの朝,臨月のお腹を抱えてカサブランカの路地をさまようサミア。イスラーム社会では未婚の母はタブー。美容師の仕事も住まいも失った。ある晩、路上で眠るサミアを家に招き入れたのは、小さなパン屋を営むアブラだった。アブラは夫の死後、幼い娘のワルダとの生活を守るために、心を閉ざして働き続けてきた。パン作りが得意でおしゃれ好きなサミアの登場は、孤独だった親子の生活に光をもたらす。商売は波に乗り、町中が祭りの興奮に包まれたある日、サミアに陣痛が始まった。生まれ来る子の幸せを願い、養子に出すと覚悟していた彼女だが……。,83.jpg
84,僕のワンダフル・ジャーニー,前作で、50年で3回も生まれ変わり、最愛の飼い主イーサン(デニス・クエイド)との再会を果たした犬のベイリー。続編となる今作でもその “犬生”が終わりを迎え、再びイーサンに別れを告げようとしたベイリーに、「孫娘のCJを守ってほしい」という新たな<使命>が与えられる。イーサンや妻ハンナ(マージ・ヘルゲンバーガー)とうまくいかなくなったママのグロリア(ベティ・ギルピン)が、突然CJを連れて出て行ってしまったのだ。,84.jpg
85,ジェミニマン,ウィル・スミス演じる伝説的暗殺者ヘンリーは、政府に依頼されたミッションを遂行中、何者かに襲撃される。自分の動きを全て把握し、神出鬼没で絶対に殺せないと評される最強のターゲットをヘンリーが追い詰めたとき、襲撃者の正体が秘密裏に作られた“若い自分自身”のクローンだという衝撃の事実を知り、政府を巻き込む巨大な陰謀に巻き込まれていく。,85.jpg
86,屍人荘の殺人,神紅大学のミステリー愛好会に所属する葉村譲（神木隆之介）と明智恭介（中村倫也）は学内の事件を推理する自称【ホームズ】と【ワトソン】。しかし葉村はミステリー小説オタクなのに全く推理が当たらない万年助手。事件の匂いを嗅ぎつけては首を突っ込む会長の明智に振り回される日々を送っていた。そんなある日、2人の前に剣崎比留子（浜辺美波）という謎の美人女子大生探偵が現れ、ロックフェス研究会の合宿への参加を持ちかける。部員宛てに謎の脅迫状が届いたこと、去年の参加者の中に行方知れずの女子部員がいることを伝え、葉村と明智の興味をひく。３人が向かった先は山奥に佇むペンション【紫湛荘】。そこに次々と現れるクセモノだらけの宿泊者。しかし葉村たちは想像を絶する異常事態に巻き込まれ、立て篭りを余儀なくされる。一夜が明け、ひとりの惨殺死体が発見される。それは死因もトリックも全てが前代未聞の連続殺人の幕開けだった——,86.jpg
87,十二人の死にたい子どもたち,死にたいけど、殺されるのはイヤ。 その日、１２人の未成年たちが、安楽死を求め廃病院の密室に集まった。「みんなで死ねば、怖くないから」ところが、彼らはそこで１３人目のまだ生あたたかい死体に遭遇。突然の出来事にはばまれる彼らの安楽死。あちこちに残る不自然な犯行の痕跡、次々起こる奇妙な出来事。彼らだけしか知らない計画のはず。まさかこの１２人の中に殺人鬼が……？ 死体の謎と犯人をめぐり、疑心暗鬼の中ウソとダマしあいが交錯し、１２人の死にたい理由が生々しくえぐられいく。 全員、ヤバい。気が抜けない。 いつ誰が殺人鬼と化すかもわからず、パニックは最高潮に。,87.jpg
88,アド・アストラ,ロイ・マグブライドは地球外知的生命体を探求に人生を捧げた英雄の父を見て育ち、自身も宇宙士の仕事を選んだ。しかし、その父は地球外生命体の探索に出た船に乗ってから 16年後、43億キロ離れた太陽系の彼方で行方不明となった。だが、父は生きていた──。,88.jpg
89,猿楽町で会いましょう,駆け出しのフォトグラファー小山田は、撮影で読者モデルのユカと出会う。コケティッシュでピュアなユカに惹かれ、彼女を被写体に次々と作品を撮り始める小山田。そして二人は付き合い始め、猿楽町で撮った作品はコンテストで受賞し周囲に認められ始める。しかし、元カレの存在を知った小山田は次第にユカの言動を疑いはじめ…。ハッピーなボーイ・ミーツ・ガールが一転、シニカルなクライマックスに向けて疾走する。,89.jpg
90,アス,アデレードは夫のゲイブ、娘のゾーラ、息子のジェイソンと共に夏休みを過ごす為、幼少期に住んでいた、カリフォルニア州サンタクルーズの家を訪れる。早速、友人達と一緒にビーチへ行くが、不気味な偶然に見舞われた事で、過去の原因不明で未解決なトラウマがフラッシュバックする。やがて、家族の身に恐ろしい事が起こるという妄想を強めていくアデレード。その夜、家の前に自分達とそっくりな“わたしたち”がやってくる・・・。,90.jpg
91,ジョジョ・ラビット,舞台は、第二次世界大戦下のドイツ。心優しい10歳の少年ジョジョ（ローマン・グリフィン・デイビス）は、空想上の友だちのアドルフ・ヒトラー（タイカ・ワイティティ）の助けを借りながら、青少年集団ヒトラーユーゲントで立派な兵士になろうと奮闘していた。 しかし、ジョジョは訓練でウサギを殺すことができず、教官から”ジョジョ・ラビット”という不名誉なあだ名をつけられ、仲間たちからもからかわれてしまう。 そんなある日、母親（スカーレット・ヨハンソン）とふたりで暮らしていたジョジョは、家の片隅に隠された小さな部屋で、ユダヤ人の少女（トーマサイン・マッケンジー）がこっそりと匿われていることに気付く。ジョジョの頼りとなるのは、ちょっぴり皮肉屋で口うるさいアドルフだけ…。臆病なジョジョの生活は一体どうなってしまうのか！？,91.jpg
92,ザ・ピーナッツバター・ファルコン,老人の養護施設で暮らすダウン症の青年ザックは、子どもの頃から憧れていたプロレスラーの養成学校に入ることを夢見て、ある日施設を脱走する。一方、しっかり者の兄を亡くし孤独な毎日を送っていた漁師・タイラーは、他人の獲物を盗んでいたのがバレて、ボートに乗って逃げだす。ジョージア州サバンナ郊外を舞台に、偶然にも出会った二人の旅の辿り着く先は・・・・・・？やが て、ザックを探してやってきた施設の看護師エレノアも加わって、知らない世界との新たな出会いに導かれ、彼らの旅は想像をもしていなかった冒険へと変化していく。,92.jpg
93,キャプテン・マーベル,過去の記憶を失ったヒーロー、キャプテン・マーベル。彼女の記憶には、恐るべき戦いの引き金となる “秘密”が隠されていた。正体不明の敵に狙われた彼女が、最後につかむ“衝撃の真実”とは…？禁断の記憶をめぐるサスペンスフル・アクションが幕を開ける！,93.jpg
94,デッド・ドント・ダイ,アメリカの田舎町センターヴィル。3人だけの警察署で働くロバートソン保安官（ビル・マーレイ）とピーターソン保安官代理（アダム・ドライバー）は、いつもの他愛のない住人のトラブルの対応に追われていたが、突如、街にゾンビが出現しだし、思わぬ事態に巻き込まれていく・・・。,94.jpg
95,劇場版 名探偵コナン ベイカー街（ストリート）の亡霊,シャーロック・ホームズが活躍した100年前のロンドンに、コナンたちが迷い込む！？世界最高・仮想体感ゲーム「コクーン」に操られる50人の命。現実で起こったふたつの事件と、バーチャルゲームの中で起こる事件がリンクする中で父・優作と共に人工頭脳「ノアズ・アーク」に挑むコナン！コナンと参加者の少年たちが助け合いながら事件を解決してゆくジュブナイルミステリー。©2002 青山剛昌／小学館･読売テレビ･日本テレビ･小学館プロダクション･東宝･TMS,95.jpg
96,映画クレヨンしんちゃん　ヘンダーランドの大冒険,今度はテーマパークを舞台にしんちゃん大活躍！？ 　幼稚園の遠足で出かけた“群馬ヘンダーランド”。実はそのヘンダーランドこそオカマ魔女とその一味が地球征服を企む本拠地だった！ 　そこで地球のピンチに立ち上がったしんちゃん。お馴染みのアクション仮面、ぶりぶりざえもん、カンタム・ロボと強力な助っ人を引き連れて、オカマ魔女率いる強敵陣と世紀の大勝負!!当時セクシーアイドルとして大活躍した雛形あきこも登場。 　さあ、地球の運命はいったいどうなる！？ (C)臼井儀人／双葉社・シンエイ・テレビ朝日・ＡＤＫ　1996,96.jpg
97,映画ドラえもん 新・のび太と鉄人兵団,北極（ほっきょく）で、巨大（きょだい）なロボットの足を拾ったのび太。その後、次々とロボットの部品が家の庭に落ちてくる。ドラえもんとのび太は組み立てたロボットを「ザンダクロス」と名づけるが…。 (C)藤子プロ・小学館・テレビ朝日・シンエイ・ADK 2011,97.jpg
98,劇場版ポケットモンスター 水の都の護神 ラティアスとラティオス,世界で一番美しい町といわれる水の都「アルトマーレ」。そこでサトシは不思議な技を持つポケモン、ラティアスとラティオスに出会う。ラティオスは兄、ラティアスは妹でとても仲がよく、この町の秘宝「こころのしずく」を守っていた。この秘宝をねらう怪盗姉妹ザンナーとリオン。彼女たちが起こした事件に巻き込まれるサトシとピカチュウたち。隠された封印が解かれた時、町は大水害に見舞われる。奪われた「こころのしずく」を取り返す為、サトシとピカチュウが水の都を駆け抜ける！,98.jpg
99,君の名は。,千年ぶりとなる彗星の来訪を一か月後に控えた日本。山深い田舎町に暮らす女子高校生・三葉は憂鬱な毎日を過ごしていた。町長である父の選挙運動に、家系の神社の古き風習。小さく狭い町で、周囲の目が余計に気になる年頃だけに、都会への憧れを強くするばかり。「来世は東京のイケメン男子にしてくださーーーい！！！」そんなある日、自分が男の子になる夢を見る。見慣れない部屋、見知らぬ友人、戸惑いながらも、念願だった都会での生活を思いっきり満喫する三葉。「不思議な夢……。」一方、東京で暮らす男子高校生、瀧も、奇妙な夢を見た。行ったこともない山奥の町で、自分が女子高校生になっているのだー。彼らが体験した夢の秘密とは？,99.jpg
100,ぼくらの７日間戦争,いつもひとりで本ばかり読んでいる、鈴原守。話し相手といえば、同じ歴史マニアが集うチャットのメンバー。 平均年齢還暦越えと思われるその場所で、今日もメンバーの一人が、恋に悩む守にからかい半分のエールをくれた。 片思いの相手は、お隣に住む幼馴染の千代野綾。しかし綾は、議員である父親の都合で東京へ引っ越すことを迫られていた。 しかも、いきなり一週間後。「せめて、17歳の誕生日は、この街で迎えたかったな」。 やり場のない綾の本音を聞き、守は思い切って告げる。「逃げましょう・・・・・・っ！」,100.jpg
